,S,B,flops,memory,latency,energy,status,is_validation
0,32,1,18450432,17719808,0.0008187680244445801,0.07785600000261184,OK,False
1,32,2,36900864,18878976,0.0007130559980869293,0.07652964000499196,OK,False
2,32,4,73801728,19100160,0.0006897280216217041,0.07019051999805015,OK,False
3,32,8,147603456,19542528,0.0007038879990577698,0.06287580000162052,OK,False
4,32,16,295206912,14848512,0.0006531199812889099,0.07940249999819571,OK,False
5,32,32,590413824,15962624,0.0006890720129013061,0.0728874600031304,OK,False
6,32,64,1180827648,18190848,0.0008524320125579835,0.07234626000354183,OK,False
7,32,111,2047997952,52968448,0.0019527519941329955,0.12220134000472171,OK,False
8,32,128,2361655296,59347456,0.0021668959856033327,0.12926370000286624,OK,False
9,32,133,2453907456,61669888,0.0022471679449081417,0.13923389999945357,OK,False
10,32,139,2564610048,62759936,0.0023450239896774293,0.1423825799952283,OK,False
11,32,256,4723310592,103674368,0.004062912225723267,0.23016696000013326,OK,False
12,64,1,72861696,23974400,0.0007896479964256286,0.07511232000069867,OK,False
13,64,2,145723392,24121856,0.0007604959905147552,0.0668713799973375,OK,False
14,64,4,291446784,24908288,0.0007712000012397766,0.07839809999950376,OK,False
15,64,8,582893568,17798144,0.0008413920104503632,0.07820921999837083,OK,False
16,64,16,1165787136,19502080,0.0006987360119819642,0.06699480000179392,OK,False
17,64,32,2331574272,22647296,0.0008649600148200988,0.07514490000403384,OK,False
18,64,64,4663148544,32215552,0.0015271679759025574,0.0873270599981879,OK,False
19,64,111,8087648256,68103168,0.004204335927963257,0.24125808000462712,OK,False
20,64,128,9326297088,76648960,0.004805903911590576,0.26562833999832947,OK,False
21,64,133,9690605568,79647232,0.00497761583328247,0.27922614000090107,OK,False
22,64,139,10127775744,82203648,0.005176560163497925,0.2878894799982845,OK,False
23,64,256,18652594176,138277376,0.009253136157989502,0.519822240000849,OK,False
24,80,1,113670144,24057344,0.0007959039807319641,0.07427471999790214,OK,False
25,80,2,227340288,24287744,0.0007475999891757964,0.05910149999863279,OK,True
26,80,4,454680576,25240064,0.0008037599921226501,0.08674428000176704,OK,False
27,80,8,909361152,18756608,0.0007818720042705536,0.06935411999620555,OK,False
28,80,16,1818722304,20697600,0.0007732480168342591,0.06183366000641399,OK,False
29,80,32,3637444608,27660800,0.0011862080097198486,0.07700231999933749,OK,False
30,80,64,7274889216,41587200,0.0024421119689941404,0.12891174000060346,OK,False
31,80,111,12617385984,79560704,0.00707092809677124,0.39916133999440717,OK,False
32,80,128,14549778432,90935808,0.007983824014663698,0.43752000000040425,OK,False
33,80,133,15118129152,93154816,0.008384063720703126,0.45932826000125715,OK,False
34,80,139,15800150016,96532480,0.008653103828430176,0.4695638400016833,OK,False
35,80,256,29099556864,223711744,0.015398767948150635,0.8592265199990834,OK,True
36,128,1,290506752,24416768,0.0008496800065040588,0.11287836000519746,OK,False
37,128,2,581013504,17798656,0.0007310880124568939,0.07276337999883253,OK,False
38,128,4,1162027008,19502592,0.0007425119876861572,0.07637153999894508,OK,False
39,128,8,2324054016,22647296,0.0008799360096454621,0.07497029999512961,OK,False
40,128,16,4648108032,32215552,0.0015264959931373596,0.0849190199937766,OK,True
41,128,32,9296216064,49385984,0.002923072099685669,0.15052151999952912,OK,False
42,128,64,18592432128,119321088,0.00544324803352356,0.28130934000273555,OK,False
43,128,111,32246249472,196882944,0.013659712314605714,0.7512459600047805,OK,False
44,128,128,37184864256,223523328,0.015671536445617675,0.8561695200023678,OK,False
45,128,133,38637398016,243175936,0.016598544120788573,0.9352347599997302,OK,False
46,128,139,40380438528,246714880,0.01717139148712158,0.9233458200014866,OK,True
47,128,256,74369728512,431927808,0.031303520202636714,1.658393159998468,OK,False
48,208,1,766605312,18344960,0.0007875680029392242,0.08658779999905164,OK,False
49,208,2,1533210624,20594688,0.0007377919852733612,0.07776690000355302,OK,False
50,208,4,3066421248,25502208,0.0010884000062942505,0.0693373800027075,OK,False
51,208,8,6132842496,37270016,0.0021987519264221192,0.11668511999914699,OK,False
52,208,16,12265684992,61723136,0.004057471990585327,0.19692510000140828,OK,True
53,208,32,24531369984,140800512,0.006972687959671021,0.3497710200031179,OK,False
54,208,64,49062739968,265654784,0.013476319789886474,0.6987291600012213,OK,False
55,208,111,85093189632,450420224,0.03487416076660156,1.9226732399988578,OK,False
56,208,128,98125479936,514175488,0.04004243278503418,2.2879685999987487,OK,True
57,208,133,101958506496,559157760,0.04219126319885254,2.3601824399975158,OK,False
58,208,139,106558138368,568407552,0.044126848220825195,2.433369180000682,OK,False
59,208,256,196250959872,1013289472,0.08282135772705079,4.598847960003241,OK,False
60,224,1,889030656,18704384,0.0008001919984817505,0.08177867999847876,OK,False
61,224,2,1778061312,21313536,0.0007549760043621062,0.06970985999942059,OK,False
62,224,4,3556122624,27382272,0.001187439978122711,0.07391507999500391,OK,False
63,224,8,7112245248,41030144,0.0024590079784393313,0.12031578000005538,OK,False
64,224,16,14224490496,68784640,0.00458836817741394,0.21540215999948487,OK,False
65,224,32,28448980992,174678528,0.008686543941497803,0.40748994000523453,OK,False
66,224,64,56897961984,335909376,0.016408832550048828,0.7794760199976736,OK,False
67,224,111,98682402816,572045824,0.04415121459960937,2.4075057000004563,OK,False
68,224,128,113795923968,655462912,0.05061486434936524,2.751164459998563,OK,False
69,224,133,118241077248,713447936,0.05455206298828125,2.9402317800031597,OK,False
70,224,139,123575261184,725125632,0.056563808441162114,3.0422137799973825,OK,True
71,224,256,227591847936,1292997120,0.10636924743652343,6.045937980002236,OK,True
72,256,1,1161086976,19503616,0.0007991520166397094,0.06228840000630953,OK,False
73,256,2,2322173952,22911488,0.000787200003862381,0.07185641999967629,OK,False
74,256,4,4644347904,32215552,0.001445919990539551,0.08403150000049209,OK,False
75,256,8,9288695808,49385984,0.003117840051651001,0.15274877999900127,OK,True
76,256,16,18577391616,119321088,0.0056606559753417975,0.2705283000000236,OK,False
77,256,32,37154783232,223523328,0.010981904029846192,0.5029134599999452,OK,False
78,256,64,74309566464,431927808,0.022158080101013184,0.9649731599961342,OK,False
79,256,111,128880654336,744534528,0.05811600112915039,3.020368020004298,OK,False
80,256,128,148619132928,848736768,0.06638380813598632,3.515029019999929,OK,False
81,256,133,154424567808,928616960,0.07260095977783203,3.8296045800029788,OK,False
82,256,139,161391089664,943034880,0.0751609115600586,4.040218800003004,OK,False
83,256,256,297238265856,1683067392,0.1402761459350586,8.137651320002988,OK,False
84,304,1,1637185536,20901888,0.000790143996477127,0.08078676000423002,OK,False
85,304,2,3274371072,26784256,0.0012192959785461426,0.08190030000150728,OK,False
86,304,4,6548742144,39625216,0.002464208006858826,0.1190959799941993,OK,False
87,304,8,13097484288,64008704,0.0046721439361572265,0.21308087999841518,OK,False
88,304,16,26194968576,153702912,0.008397631645202637,0.37292880000222794,OK,False
89,304,32,52389937152,291148288,0.017098848342895507,0.8150893199990605,OK,False
90,304,64,104779874304,565711360,0.0346298713684082,1.3888523399987207,OK,False
91,304,111,181727594496,973783552,0.09176331329345702,4.928870940004799,OK,False
92,304,128,209559748608,1114468864,0.10575392150878907,5.719537320001109,OK,False
93,304,133,217745676288,1216097792,0.1175295524597168,6.473191859997769,OK,False
94,304,139,227568789504,1236392448,0.1226165771484375,6.855732300002728,OK,False
95,304,256,419119497216,2213556736,0.2228248825073242,12.651076499998908,OK,False
96,320,1,1814022144,21421056,0.0008062720000743866,0.09110784000085914,OK,False
97,320,2,3628044288,27660800,0.0014662879705429077,0.07928994000167222,OK,True
98,320,4,7256088576,41587200,0.0027808320522308347,0.12411365999923873,OK,False
99,320,8,14512177152,70750720,0.005309072017669678,0.21362915999816323,OK,False
100,320,16,29024354304,159748608,0.009705391883850098,0.39268865999474656,OK,False
101,320,32,58048708608,303141376,0.019133376121520995,0.7479417600029592,OK,False
102,320,64,116097417216,588517888,0.03860126304626465,1.4716035599985844,OK,False
103,320,111,201356457984,1013635584,0.10259889602661132,5.5204804799996054,OK,False
104,320,128,232194834432,1159819776,0.11538953781127931,6.337474260001272,OK,True
105,320,133,241264945152,1263636992,0.12201038360595703,6.908609699999033,OK,False
106,320,139,252149078016,1286164992,0.12799237060546875,7.121295540000574,OK,False
107,320,256,464389668864,2304520704,0.23405477905273436,13.489183379999758,OK,False
108,384,1,2612054016,23826944,0.0009588319957256318,0.092467259996738,OK,False
109,384,2,5224108032,33788416,0.002002063989639282,0.0938525399988066,OK,True
110,384,4,10448216064,53842432,0.003630303978919983,0.15859044000080758,OK,True
111,384,8,20896432128,95130112,0.007314448118209839,0.29983235999907265,OK,False
112,384,16,41792864256,227643904,0.014057040214538574,0.5715869400046358,OK,True
113,384,32,83585728512,436265472,0.027937040328979493,1.1902100399993287,OK,False
114,384,64,167171457024,857412096,0.056775360107421874,2.2948644600046464,OK,False
115,384,111,289937995776,1484806656,0.14840206146240234,8.406449220001377,OK,False
116,384,128,334342914048,1699844608,0.1674780502319336,9.352829879999263,OK,False
117,384,133,347403184128,1853395456,0.17860782623291016,10.121164019997195,OK,True
118,384,139,363075508224,1884066304,0.18358152008056638,10.278123239991146,OK,False
119,384,256,668685828096,3384291840,0.3345815887451172,19.04000693999933,OK,False
120,512,1,4643407872,32215552,0.0017632960081100464,0.0876802799939469,OK,False
121,512,2,9286815744,49385984,0.003248816013336182,0.14737001999947097,OK,False
122,512,4,18573631488,85037568,0.006344719886779785,0.26774892000048567,OK,False
123,512,8,37147262976,156340736,0.01258238410949707,0.5012870999962615,OK,False
124,512,16,74294525952,399739392,0.023845920562744143,1.091409599994222,OK,True
125,512,32,148589051904,784359936,0.04824596786499023,1.9231482000031974,OK,True
126,512,64,297178103808,1553601024,0.0985482063293457,4.762550399987049,OK,False
127,512,111,515418273792,2699074048,0.2563187561035156,15.068169539999872,OK,True
128,512,128,594356207616,3092353536,0.2908297424316406,16.973263199997746,OK,True
129,512,133,617573246976,3373943296,0.31111457824707034,18.342782940007964,OK,False
130,512,139,645433694208,3430566400,0.32383959960937503,18.441567240006407,OK,False
131,512,256,1188712415232,6169047552,0.5873692626953124,34.262357280003926,OK,False
